{
    "655dd0e310ac6": {
        "name": "Chris Pratttttttt",
        "emails": [
            "chris@pratt.com"
        ],
        "phone": "+12345325463524152",
        "id": "655dd0e310ac6"
    },
    "655dd6a92c294": {
        "name": "Chris Pratt",
        "emails": [
            "chris@pratt.com"
        ],
        "phone": "+12345325463524152",
        "id": "655dd6a92c294"
    },
    "655ddc68256bb": {
        "name": "efjoiewhfoweh",
        "emails": [
            "wdzgwqzfqu",
            "",
            ""
        ],
        "phone": "612874582",
        "id": "655ddc68256bb"
    },
    "655ddcb8bb7c1": {
        "name": "efjoiewhfoweh",
        "emails": [
            "wdzgwqzfqu",
            "",
            ""
        ],
        "phone": "612874582",
        "id": "655ddcb8bb7c1"
    },
    "655ddcc22e497": {
        "name": "efjoiewhfoweh",
        "emails": [
            "wdzgwqzfqu",
            "",
            ""
        ],
        "phone": "612874582",
        "id": "655ddcc22e497"
    },
    "655ddcfe99d70": {
        "name": "qqq",
        "emails": [
            "wretz",
            "",
            ""
        ],
        "phone": "324567",
        "id": "655ddcfe99d70"
    }
}